method,delay_scenario,avg_abs_bias,avg_rmse
Cori,high_delay,1.354206503991462,1.4629623368442415
Cori,medium_delay,1.3694238276931099,1.478084056818893
ABM,true_baseline,1.4641215300617825,1.6160412156396295
Wallinga-Teunis,high_delay,1.5436739171566098,1.6320114059638857
Wallinga-Teunis,medium_delay,1.5596339069860614,1.6469146387673501
