method,delay_scenario,avg_abs_bias,avg_rmse
Cori,high_delay,1.2723331693322146,1.3805712868334794
Cori,medium_delay,1.2888637750086827,1.3965744318741335
Wallinga-Teunis,high_delay,1.4616289438840488,1.553130099752686
Wallinga-Teunis,medium_delay,1.4776174921080674,1.5684545618285775
ABM,true_baseline,1.4641215300617825,1.6160412156396295
