method,delay_scenario,avg_abs_bias,avg_rmse
Cori,high_delay,1.8826983252978113,2.0848551670811157
Cori,medium_delay,1.898543527025696,2.095604301014104
Wallinga-Teunis,high_delay,2.0409180808341962,2.181424561364861
Wallinga-Teunis,medium_delay,2.0614587784476828,2.1970440348947076
ABM,true_baseline,2.2321127930178273,2.407217083970055
