method,delay_scenario,avg_abs_bias,avg_rmse
Cori,high_delay,1.8808274533465734,2.08331068288789
Cori,medium_delay,1.8976507081352045,2.0950423057196135
Wallinga-Teunis,high_delay,2.0402505801387973,2.181213661286698
Wallinga-Teunis,medium_delay,2.0597499728342816,2.1957083156948203
ABM,true_baseline,2.2321127930178273,2.407217083970055
