method,delay_scenario,avg_abs_bias,avg_rmse
Cori,high_delay,1.9483788160152435,2.1308215029783617
Cori,medium_delay,1.960174997826273,2.1388165903564844
Wallinga-Teunis,high_delay,2.1407478716094896,2.258413826382907
Wallinga-Teunis,medium_delay,2.159641222913492,2.272394314373687
ABM,true_baseline,2.2321127930178273,2.407217083970055
