method,delay_scenario,avg_abs_bias,avg_rmse
Cori,high_delay,1.2734677056555357,1.3817911662170181
Cori,medium_delay,1.2896773440587246,1.3977377182415416
Wallinga-Teunis,high_delay,1.462563444384552,1.554164002190294
Wallinga-Teunis,medium_delay,1.4784978615129856,1.569459870195378
ABM,true_baseline,1.4641215300617825,1.6160412156396295
